syntax-test-p,negative-syntax-test-p,query-evaluation-test-p,type,suite,collection,name,failedp,implementedp,parsing-succeeded-p,translation-succeeded-p,initialization-succeeded-p,rule-type,different-semantics-p,running-succeeded-p,comparing-succeeded-p
True,False,True,QueryEvaluationTest,data-r2,algebra,join-combo-2,True,True,True,True,True,SELECT,False,True,False
True,False,True,QueryEvaluationTest,data-r2,algebra,opt-filter-3,True,True,True,True,True,SELECT,False,True,False
True,False,True,QueryEvaluationTest,data-r2,algebra,filter-nested-2,True,True,True,True,True,SELECT,False,True,False
True,False,True,QueryEvaluationTest,data-r2,algebra,join-scope-1,True,True,True,True,True,SELECT,False,True,False
True,False,True,QueryEvaluationTest,data-r2,ask,ask-1,True,True,True,True,True,ASK,False,True,False
True,False,True,QueryEvaluationTest,data-r2,ask,ask-4,True,True,True,True,True,ASK,False,True,False
True,False,True,QueryEvaluationTest,data-r2,ask,ask-7,True,True,True,True,True,ASK,False,True,False
True,False,True,QueryEvaluationTest,data-r2,ask,ask-8,True,True,True,True,True,ASK,False,True,False
True,False,True,QueryEvaluationTest,data-r2,basic,bgp-no-match,True,True,True,True,True,SELECT,False,True,False
True,False,True,QueryEvaluationTest,data-r2,basic,term-6,True,True,True,True,True,SELECT,False,True,False
True,False,True,QueryEvaluationTest,data-r2,basic,term-7,True,True,False,False,False,,False,,
True,False,True,QueryEvaluationTest,data-r2,bnode-coreference,dawg-bnode-coref-001,True,True,True,True,True,SELECT,False,True,False
True,False,True,QueryEvaluationTest,data-r2,boolean-effective-value,dawg-boolean-literal,True,True,True,True,True,SELECT,False,True,False
True,False,True,QueryEvaluationTest,data-r2,boolean-effective-value,dawg-bev-1,True,True,True,True,True,SELECT,False,True,False
True,False,True,QueryEvaluationTest,data-r2,boolean-effective-value,dawg-bev-2,True,True,True,True,True,SELECT,False,True,False
True,False,True,QueryEvaluationTest,data-r2,boolean-effective-value,dawg-bev-3,True,True,True,True,True,SELECT,False,True,False
True,False,True,QueryEvaluationTest,data-r2,boolean-effective-value,dawg-bev-4,True,True,True,True,True,SELECT,False,True,False
True,False,True,QueryEvaluationTest,data-r2,boolean-effective-value,dawg-bev-5,True,True,True,True,True,SELECT,False,True,False
True,False,True,QueryEvaluationTest,data-r2,boolean-effective-value,dawg-bev-6,True,True,True,True,True,SELECT,False,True,False
True,False,True,QueryEvaluationTest,data-r2,bound,dawg-bound-query-001,True,True,True,True,True,SELECT,False,True,False
True,False,True,QueryEvaluationTest,data-r2,cast,cast-flt,True,False,True,True,True,SELECT,False,False,
True,False,True,QueryEvaluationTest,data-r2,cast,cast-dbl,True,False,True,True,True,SELECT,False,False,
True,False,True,QueryEvaluationTest,data-r2,cast,cast-dec,True,False,True,True,True,SELECT,False,False,
True,False,True,QueryEvaluationTest,data-r2,cast,cast-dT,True,False,True,True,True,SELECT,False,False,
True,False,True,QueryEvaluationTest,data-r2,cast,cast-bool,True,False,True,True,True,SELECT,False,False,
True,False,True,QueryEvaluationTest,data-r2,construct,construct-5,True,True,True,True,True,CONSTRUCT,False,True,False
True,False,True,QueryEvaluationTest,data-r2,dataset,dawg-dataset-01,True,True,True,True,True,SELECT,False,True,False
True,False,True,QueryEvaluationTest,data-r2,dataset,dawg-dataset-02,True,True,True,True,True,SELECT,False,True,False
True,False,True,QueryEvaluationTest,data-r2,dataset,dawg-dataset-03,True,True,True,True,True,SELECT,False,True,False
True,False,True,QueryEvaluationTest,data-r2,dataset,dawg-dataset-04,True,True,True,True,True,SELECT,False,True,False
True,False,True,QueryEvaluationTest,data-r2,dataset,dawg-dataset-05,True,True,True,True,True,SELECT,False,True,False
True,False,True,QueryEvaluationTest,data-r2,dataset,dawg-dataset-06,True,True,True,True,True,SELECT,False,True,False
True,False,True,QueryEvaluationTest,data-r2,dataset,dawg-dataset-07,True,True,True,True,True,SELECT,False,True,False
True,False,True,QueryEvaluationTest,data-r2,dataset,dawg-dataset-08,True,True,True,True,True,SELECT,False,True,False
True,False,True,QueryEvaluationTest,data-r2,dataset,dawg-dataset-09,True,True,True,True,True,SELECT,False,True,False
True,False,True,QueryEvaluationTest,data-r2,dataset,dawg-dataset-09b,True,True,True,True,True,SELECT,False,True,False
True,False,True,QueryEvaluationTest,data-r2,dataset,dawg-dataset-10,True,True,True,True,True,SELECT,False,True,False
True,False,True,QueryEvaluationTest,data-r2,dataset,dawg-dataset-10b,True,True,True,True,True,SELECT,False,True,False
True,False,True,QueryEvaluationTest,data-r2,dataset,dawg-dataset-11,True,True,True,True,True,SELECT,False,True,False
True,False,True,QueryEvaluationTest,data-r2,dataset,dawg-dataset-12,True,True,True,True,True,SELECT,False,True,False
True,False,True,QueryEvaluationTest,data-r2,dataset,dawg-dataset-12b,True,True,True,True,True,SELECT,False,True,False
True,False,True,QueryEvaluationTest,data-r2,distinct,distinct-star-1,True,True,True,True,True,SELECT,False,True,False
True,False,True,QueryEvaluationTest,data-r2,distinct,distinct-1,True,True,True,True,True,SELECT,False,True,False
True,False,True,QueryEvaluationTest,data-r2,distinct,no-distinct-3,True,True,True,True,True,SELECT,False,True,False
True,False,True,QueryEvaluationTest,data-r2,distinct,distinct-3,True,True,True,True,True,SELECT,False,True,False
True,False,True,QueryEvaluationTest,data-r2,distinct,no-distinct-4,True,True,True,True,True,SELECT,False,True,False
True,False,True,QueryEvaluationTest,data-r2,distinct,no-distinct-9,True,True,True,True,True,SELECT,False,True,False
True,False,True,QueryEvaluationTest,data-r2,distinct,distinct-9,True,True,True,True,True,SELECT,False,True,False
True,False,True,QueryEvaluationTest,data-r2,expr-builtin,dawg-isLiteral-1,True,True,True,True,True,SELECT,False,True,False
True,False,True,QueryEvaluationTest,data-r2,expr-builtin,dawg-str-1,True,True,True,True,True,SELECT,False,True,False
True,False,True,QueryEvaluationTest,data-r2,expr-builtin,dawg-str-2,True,True,True,True,True,SELECT,False,True,False
True,False,True,QueryEvaluationTest,data-r2,expr-builtin,dawg-str-3,True,True,True,True,True,SELECT,False,True,False
True,False,True,QueryEvaluationTest,data-r2,expr-builtin,dawg-str-4,True,True,True,True,True,SELECT,False,True,False
True,False,True,QueryEvaluationTest,data-r2,expr-builtin,dawg-isBlank-1,True,True,True,True,True,SELECT,False,True,False
True,False,True,QueryEvaluationTest,data-r2,expr-builtin,dawg-datatype-1,True,True,True,True,True,SELECT,False,True,False
True,False,True,QueryEvaluationTest,data-r2,expr-builtin,dawg-datatype-2,True,True,True,True,True,SELECT,False,True,False
True,False,True,QueryEvaluationTest,data-r2,expr-builtin,dawg-isURI-1,True,True,True,True,True,SELECT,False,True,False
True,False,True,QueryEvaluationTest,data-r2,expr-builtin,dawg-isIRI-1,True,True,True,True,True,SELECT,False,True,False
True,False,True,QueryEvaluationTest,data-r2,expr-builtin,dawg-langMatches-1,True,False,True,True,True,SELECT,False,False,
True,False,True,QueryEvaluationTest,data-r2,expr-builtin,dawg-langMatches-2,True,False,True,True,True,SELECT,False,False,
True,False,True,QueryEvaluationTest,data-r2,expr-builtin,dawg-langMatches-3,True,False,True,True,True,SELECT,False,False,
True,False,True,QueryEvaluationTest,data-r2,expr-builtin,dawg-langMatches-4,True,False,True,True,True,SELECT,False,False,
True,False,True,QueryEvaluationTest,data-r2,expr-builtin,dawg-langMatches-basic,True,False,True,True,True,SELECT,False,False,
True,False,True,QueryEvaluationTest,data-r2,expr-builtin,lang-case-insensitive-ne,True,True,True,True,True,SELECT,False,True,False
True,False,True,QueryEvaluationTest,data-r2,expr-builtin,sameTerm-simple,True,True,True,True,True,SELECT,False,True,False
True,False,True,QueryEvaluationTest,data-r2,expr-builtin,sameTerm-eq,True,True,True,True,True,SELECT,False,True,False
True,False,True,QueryEvaluationTest,data-r2,expr-builtin,sameTerm-not-eq,True,True,True,True,True,SELECT,False,True,False
True,False,True,QueryEvaluationTest,data-r2,expr-equals,eq-1,True,True,True,True,True,SELECT,False,True,False
True,False,True,QueryEvaluationTest,data-r2,expr-equals,eq-2,True,True,True,True,True,SELECT,False,True,False
True,False,True,QueryEvaluationTest,data-r2,expr-equals,eq-3,True,True,True,True,True,SELECT,False,True,False
True,False,True,QueryEvaluationTest,data-r2,expr-equals,eq-4,True,True,True,True,True,SELECT,False,True,False
True,False,True,QueryEvaluationTest,data-r2,expr-equals,eq-5,True,True,True,True,True,SELECT,False,True,False
True,False,True,QueryEvaluationTest,data-r2,expr-equals,eq-2-1,True,True,True,True,True,SELECT,False,True,False
True,False,True,QueryEvaluationTest,data-r2,expr-equals,eq-2-2,True,True,True,True,True,SELECT,False,True,False
True,False,True,QueryEvaluationTest,data-r2,expr-equals,eq-graph-1,True,True,True,True,True,SELECT,False,True,False
True,False,True,QueryEvaluationTest,data-r2,expr-equals,eq-graph-2,True,True,True,True,True,SELECT,False,True,False
True,False,True,QueryEvaluationTest,data-r2,expr-equals,eq-graph-3,True,True,True,True,True,SELECT,False,True,False
True,False,True,QueryEvaluationTest,data-r2,expr-equals,eq-graph-4,True,True,True,True,True,SELECT,False,True,False
True,False,True,QueryEvaluationTest,data-r2,expr-equals,eq-graph-5,True,True,True,True,True,SELECT,False,True,False
True,False,True,QueryEvaluationTest,data-r2,graph,dawg-graph-01,True,True,True,True,True,SELECT,False,True,False
True,False,True,QueryEvaluationTest,data-r2,graph,dawg-graph-02,True,True,True,True,True,SELECT,False,True,False
True,False,True,QueryEvaluationTest,data-r2,graph,dawg-graph-03,True,True,True,True,True,SELECT,False,True,False
True,False,True,QueryEvaluationTest,data-r2,graph,dawg-graph-04,True,True,True,True,True,SELECT,False,True,False
True,False,True,QueryEvaluationTest,data-r2,graph,dawg-graph-05,True,True,True,True,True,SELECT,False,True,False
True,False,True,QueryEvaluationTest,data-r2,graph,dawg-graph-06,True,True,True,True,True,SELECT,False,True,False
True,False,True,QueryEvaluationTest,data-r2,graph,dawg-graph-07,True,True,True,True,True,SELECT,False,True,False
True,False,True,QueryEvaluationTest,data-r2,graph,dawg-graph-08,True,True,True,True,True,SELECT,False,True,False
True,False,True,QueryEvaluationTest,data-r2,graph,dawg-graph-09,True,True,True,True,True,SELECT,False,True,False
True,False,True,QueryEvaluationTest,data-r2,graph,dawg-graph-10,True,True,True,True,True,SELECT,False,True,False
True,False,True,QueryEvaluationTest,data-r2,graph,dawg-graph-10b,True,True,True,True,True,SELECT,False,True,False
True,False,True,QueryEvaluationTest,data-r2,graph,dawg-graph-11,True,True,True,True,True,SELECT,False,True,False
True,False,True,QueryEvaluationTest,data-r2,i18n,kanji-1,True,True,True,True,True,SELECT,False,True,False
True,False,True,QueryEvaluationTest,data-r2,i18n,kanji-2,True,True,True,True,True,SELECT,False,True,False
True,False,True,QueryEvaluationTest,data-r2,i18n,normalization-1,True,True,True,True,True,SELECT,False,True,False
True,False,True,QueryEvaluationTest,data-r2,open-world,open-eq-01,True,True,True,True,True,SELECT,False,True,False
True,False,True,QueryEvaluationTest,data-r2,open-world,open-eq-06,True,True,True,True,True,SELECT,False,True,False
True,False,True,QueryEvaluationTest,data-r2,open-world,open-eq-07,True,True,True,True,True,SELECT,False,True,False
True,False,True,QueryEvaluationTest,data-r2,open-world,open-eq-08,True,True,True,True,True,SELECT,False,True,False
True,False,True,QueryEvaluationTest,data-r2,open-world,open-eq-09,True,True,True,True,True,SELECT,False,True,False
True,False,True,QueryEvaluationTest,data-r2,open-world,open-eq-10,True,True,True,True,True,SELECT,False,True,False
True,False,True,QueryEvaluationTest,data-r2,open-world,open-eq-11,True,True,True,True,True,SELECT,False,True,False
True,False,True,QueryEvaluationTest,data-r2,open-world,open-eq-12,True,True,True,True,True,SELECT,False,True,False
True,False,True,QueryEvaluationTest,data-r2,open-world,date-2,True,True,True,True,True,SELECT,False,True,False
True,False,True,QueryEvaluationTest,data-r2,open-world,date-3,True,True,True,True,True,SELECT,False,True,False
True,False,True,QueryEvaluationTest,data-r2,optional-filter,dawg-optional-filter-001,True,True,True,True,True,SELECT,False,True,False
True,False,True,QueryEvaluationTest,data-r2,optional-filter,dawg-optional-filter-002,True,True,True,True,True,SELECT,False,True,False
True,False,True,QueryEvaluationTest,data-r2,optional-filter,dawg-optional-filter-003,True,True,True,True,True,SELECT,False,True,False
True,False,True,QueryEvaluationTest,data-r2,optional-filter,dawg-optional-filter-004,True,True,True,True,True,SELECT,False,True,False
True,False,True,QueryEvaluationTest,data-r2,optional-filter,dawg-optional-filter-005-simplified,True,True,True,True,True,SELECT,False,True,False
True,False,True,QueryEvaluationTest,data-r2,optional-filter,dawg-optional-filter-005-not-simplified,True,True,True,True,True,SELECT,False,True,False
True,False,True,QueryEvaluationTest,data-r2,optional,dawg-optional-complex-1,True,True,True,True,True,SELECT,False,True,False
True,False,True,QueryEvaluationTest,data-r2,optional,dawg-optional-complex-2,True,True,True,True,True,SELECT,False,True,False
True,False,True,QueryEvaluationTest,data-r2,optional,dawg-optional-complex-3,True,True,True,True,True,SELECT,False,True,False
True,False,True,QueryEvaluationTest,data-r2,optional,dawg-optional-complex-4,True,True,True,True,True,SELECT,False,True,False
True,False,True,QueryEvaluationTest,data-r2,optional,dawg-optional-001,True,True,True,True,True,SELECT,False,True,False
True,False,True,QueryEvaluationTest,data-r2,optional,dawg-optional-002,True,True,True,True,True,SELECT,False,True,False
True,False,True,QueryEvaluationTest,data-r2,optional,dawg-union-001,True,True,True,True,True,SELECT,False,True,False
True,False,True,QueryEvaluationTest,data-r2,reduced,reduced-2,True,True,True,True,True,SELECT,False,True,False
True,False,True,QueryEvaluationTest,data-r2,regex,dawg-regex-001,True,False,True,True,True,SELECT,False,False,
True,False,True,QueryEvaluationTest,data-r2,regex,dawg-regex-002,True,False,True,True,True,SELECT,False,False,
True,False,True,QueryEvaluationTest,data-r2,regex,dawg-regex-003,True,False,True,True,True,SELECT,False,False,
True,False,True,QueryEvaluationTest,data-r2,regex,dawg-regex-004,True,False,True,True,True,SELECT,False,False,
True,False,True,QueryEvaluationTest,data-r2,solution-seq,limit-1,True,True,True,True,True,SELECT,False,True,False
True,False,True,QueryEvaluationTest,data-r2,solution-seq,limit-2,True,True,True,True,True,SELECT,False,True,False
True,False,True,QueryEvaluationTest,data-r2,solution-seq,limit-3,True,True,True,True,True,SELECT,False,True,False
True,False,True,QueryEvaluationTest,data-r2,solution-seq,limit-4,True,True,True,True,True,SELECT,False,True,False
True,False,True,QueryEvaluationTest,data-r2,solution-seq,offset-1,True,True,True,True,True,SELECT,False,True,False
True,False,True,QueryEvaluationTest,data-r2,solution-seq,offset-2,True,True,True,True,True,SELECT,False,True,False
True,False,True,QueryEvaluationTest,data-r2,solution-seq,offset-3,True,True,True,True,True,SELECT,False,True,False
True,False,True,QueryEvaluationTest,data-r2,solution-seq,offset-4,True,True,True,True,True,SELECT,False,True,False
True,False,True,QueryEvaluationTest,data-r2,solution-seq,slice-1,True,True,True,True,True,SELECT,False,True,False
True,False,True,QueryEvaluationTest,data-r2,solution-seq,slice-2,True,True,True,True,True,SELECT,False,True,False
True,False,True,QueryEvaluationTest,data-r2,solution-seq,slice-3,True,True,True,True,True,SELECT,False,True,False
True,False,True,QueryEvaluationTest,data-r2,solution-seq,slice-4,True,True,True,True,True,SELECT,False,True,False
True,False,True,QueryEvaluationTest,data-r2,solution-seq,slice-5,True,True,True,True,True,SELECT,False,True,False
True,False,True,QueryEvaluationTest,data-r2,sort,dawg-sort-1,True,True,True,True,True,SELECT,False,True,False
True,False,True,QueryEvaluationTest,data-r2,sort,dawg-sort-2,True,True,True,True,True,SELECT,False,True,False
True,False,True,QueryEvaluationTest,data-r2,sort,dawg-sort-3,True,True,True,True,True,SELECT,False,True,False
True,False,True,QueryEvaluationTest,data-r2,sort,dawg-sort-4,True,True,True,True,True,SELECT,False,True,False
True,False,True,QueryEvaluationTest,data-r2,sort,dawg-sort-5,True,True,True,True,True,SELECT,False,True,False
True,False,True,QueryEvaluationTest,data-r2,sort,dawg-sort-6,True,True,True,True,True,SELECT,False,True,False
True,False,True,QueryEvaluationTest,data-r2,sort,dawg-sort-7,True,True,True,True,True,SELECT,False,True,False
True,False,True,QueryEvaluationTest,data-r2,sort,dawg-sort-8,True,True,True,True,True,SELECT,False,True,False
True,False,True,QueryEvaluationTest,data-r2,sort,dawg-sort-9,True,True,True,True,True,SELECT,False,True,False
True,False,True,QueryEvaluationTest,data-r2,sort,dawg-sort-10,True,True,True,True,True,SELECT,False,True,False
True,False,True,QueryEvaluationTest,data-r2,sort,dawg-sort-numbers,True,True,True,True,True,SELECT,False,True,False
True,False,True,QueryEvaluationTest,data-r2,sort,dawg-sort-builtin,True,True,True,True,True,SELECT,False,True,False
True,False,True,QueryEvaluationTest,data-r2,sort,dawg-sort-function,True,True,True,True,True,SELECT,False,True,False
True,False,False,PositiveSyntaxTest,data-r2,syntax-sparql1,syntax-lit-08,True,True,False,False,False,,False,,
True,True,False,NegativeSyntaxTest,data-r2,syntax-sparql3,syn-bad-01,True,True,False,False,False,,False,,
True,True,False,NegativeSyntaxTest,data-r2,syntax-sparql3,syn-bad-02,True,True,False,False,False,,False,,
True,True,False,NegativeSyntaxTest,data-r2,syntax-sparql3,syn-bad-03,True,True,False,False,False,,False,,
True,True,False,NegativeSyntaxTest,data-r2,syntax-sparql3,syn-bad-04,True,True,False,False,False,,False,,
True,True,False,NegativeSyntaxTest,data-r2,syntax-sparql3,syn-bad-05,True,True,False,False,False,,False,,
True,True,False,NegativeSyntaxTest,data-r2,syntax-sparql3,syn-bad-06,True,True,False,False,False,,False,,
True,True,False,NegativeSyntaxTest,data-r2,syntax-sparql3,syn-bad-07,True,True,False,False,False,,False,,
True,True,False,NegativeSyntaxTest,data-r2,syntax-sparql3,syn-bad-08,True,True,False,False,False,,False,,
True,True,False,NegativeSyntaxTest,data-r2,syntax-sparql3,syn-bad-09,True,True,False,False,False,,False,,
True,True,False,NegativeSyntaxTest,data-r2,syntax-sparql3,syn-bad-10,True,True,False,False,False,,False,,
True,True,False,NegativeSyntaxTest,data-r2,syntax-sparql3,syn-bad-11,True,True,False,False,False,,False,,
True,True,False,NegativeSyntaxTest,data-r2,syntax-sparql3,syn-bad-12,True,True,False,False,False,,False,,
True,True,False,NegativeSyntaxTest,data-r2,syntax-sparql3,syn-bad-13,True,True,False,False,False,,False,,
True,True,False,NegativeSyntaxTest,data-r2,syntax-sparql3,syn-bad-14,True,True,False,False,False,,False,,
True,True,False,NegativeSyntaxTest,data-r2,syntax-sparql3,syn-bad-15,True,True,False,False,False,,False,,
True,True,False,NegativeSyntaxTest,data-r2,syntax-sparql3,syn-bad-16,True,True,False,False,False,,False,,
True,True,False,NegativeSyntaxTest,data-r2,syntax-sparql3,syn-bad-17,True,True,False,False,False,,False,,
True,True,False,NegativeSyntaxTest,data-r2,syntax-sparql3,syn-bad-18,True,True,False,False,False,,False,,
True,True,False,NegativeSyntaxTest,data-r2,syntax-sparql3,syn-bad-19,True,True,False,False,False,,False,,
True,True,False,NegativeSyntaxTest,data-r2,syntax-sparql3,syn-bad-20,True,True,False,False,False,,False,,
True,True,False,NegativeSyntaxTest,data-r2,syntax-sparql3,syn-bad-21,True,True,False,False,False,,False,,
True,True,False,NegativeSyntaxTest,data-r2,syntax-sparql3,syn-bad-22,True,True,False,False,False,,False,,
True,True,False,NegativeSyntaxTest,data-r2,syntax-sparql3,syn-bad-23,True,True,False,False,False,,False,,
True,True,False,NegativeSyntaxTest,data-r2,syntax-sparql3,syn-bad-24,True,True,False,False,False,,False,,
True,True,False,NegativeSyntaxTest,data-r2,syntax-sparql3,syn-bad-25,True,True,False,False,False,,False,,
True,True,False,NegativeSyntaxTest,data-r2,syntax-sparql3,syn-bad-26,True,True,False,False,False,,False,,
True,True,False,NegativeSyntaxTest,data-r2,syntax-sparql3,syn-bad-27,True,True,False,False,False,,False,,
True,True,False,NegativeSyntaxTest,data-r2,syntax-sparql3,syn-bad-28,True,True,False,False,False,,False,,
True,True,False,NegativeSyntaxTest,data-r2,syntax-sparql3,syn-bad-29,True,True,False,False,False,,False,,
True,True,False,NegativeSyntaxTest,data-r2,syntax-sparql3,syn-bad-30,True,True,False,False,False,,False,,
True,True,False,NegativeSyntaxTest,data-r2,syntax-sparql3,syn-bad-31,True,True,False,False,False,,False,,
True,True,False,NegativeSyntaxTest,data-r2,syntax-sparql3,bnode-dot,True,True,False,False,False,,False,,
True,True,False,NegativeSyntaxTest,data-r2,syntax-sparql3,bnodes-missing-pvalues-01,True,True,False,False,False,,False,,
True,True,False,NegativeSyntaxTest,data-r2,syntax-sparql3,bnodes-missing-pvalues-02,True,True,False,False,False,,False,,
True,True,False,NegativeSyntaxTest,data-r2,syntax-sparql3,empty-optional-01,True,True,False,False,False,,False,,
True,True,False,NegativeSyntaxTest,data-r2,syntax-sparql3,empty-optional-02,True,True,False,False,False,,False,,
True,True,False,NegativeSyntaxTest,data-r2,syntax-sparql3,filter-missing-parens,True,True,False,False,False,,False,,
True,True,False,NegativeSyntaxTest,data-r2,syntax-sparql3,lone-list,True,True,False,False,False,,False,,
True,True,False,NegativeSyntaxTest,data-r2,syntax-sparql3,lone-node,True,True,False,False,False,,False,,
True,True,False,NegativeSyntaxTest,data-r2,syntax-sparql3,blabel-cross-graph-bad,True,True,False,False,False,,False,,
True,True,False,NegativeSyntaxTest,data-r2,syntax-sparql3,blabel-cross-optional-bad,True,True,False,False,False,,False,,
True,True,False,NegativeSyntaxTest,data-r2,syntax-sparql3,blabel-cross-union-bad,True,True,False,False,False,,False,,
True,True,False,NegativeSyntaxTest,data-r2,syntax-sparql4,syn-bad-34,True,True,False,False,False,,False,,
True,True,False,NegativeSyntaxTest,data-r2,syntax-sparql4,syn-bad-35,True,True,False,False,False,,False,,
True,True,False,NegativeSyntaxTest,data-r2,syntax-sparql4,syn-bad-36,True,True,False,False,False,,False,,
True,True,False,NegativeSyntaxTest,data-r2,syntax-sparql4,syn-bad-37,True,True,False,False,False,,False,,
True,True,False,NegativeSyntaxTest,data-r2,syntax-sparql4,syn-bad-38,True,True,False,False,False,,False,,
True,True,False,NegativeSyntaxTest,data-r2,syntax-sparql4,syn-bad-OPT-breaks-BGP,True,True,False,False,False,,False,,
True,True,False,NegativeSyntaxTest,data-r2,syntax-sparql4,syn-bad-UNION-breaks-BGP,True,True,False,False,False,,False,,
True,True,False,NegativeSyntaxTest,data-r2,syntax-sparql4,syn-bad-GRAPH-breaks-BGP,True,True,False,False,False,,False,,
True,False,True,QueryEvaluationTest,data-r2,triple-match,dawg-triple-pattern-001,True,True,True,True,True,SELECT,False,True,False
True,False,True,QueryEvaluationTest,data-r2,triple-match,dawg-triple-pattern-002,True,True,True,True,True,SELECT,False,True,False
True,False,True,QueryEvaluationTest,data-r2,triple-match,dawg-triple-pattern-003,True,True,True,True,True,SELECT,False,True,False
True,False,True,QueryEvaluationTest,data-r2,triple-match,dawg-triple-pattern-004,True,True,True,True,True,SELECT,False,True,False
True,False,True,QueryEvaluationTest,data-r2,type-promotion,type-promotion-01,True,True,True,True,True,ASK,False,True,False
True,False,True,QueryEvaluationTest,data-r2,type-promotion,type-promotion-02,True,True,True,True,True,ASK,False,True,False
True,False,True,QueryEvaluationTest,data-r2,type-promotion,type-promotion-03,True,True,True,True,True,ASK,False,True,False
True,False,True,QueryEvaluationTest,data-r2,type-promotion,type-promotion-04,True,True,True,True,True,ASK,False,True,False
True,False,True,QueryEvaluationTest,data-r2,type-promotion,type-promotion-05,True,True,True,True,True,ASK,False,True,False
True,False,True,QueryEvaluationTest,data-r2,type-promotion,type-promotion-06,True,True,True,True,True,ASK,False,True,False
True,False,True,QueryEvaluationTest,data-r2,type-promotion,type-promotion-07,True,True,True,True,True,ASK,False,True,False
True,False,True,QueryEvaluationTest,data-r2,type-promotion,type-promotion-08,True,True,True,True,True,ASK,False,True,False
True,False,True,QueryEvaluationTest,data-r2,type-promotion,type-promotion-09,True,True,True,True,True,ASK,False,True,False
True,False,True,QueryEvaluationTest,data-r2,type-promotion,type-promotion-10,True,True,True,True,True,ASK,False,True,False
True,False,True,QueryEvaluationTest,data-r2,type-promotion,type-promotion-11,True,True,True,True,True,ASK,False,True,False
True,False,True,QueryEvaluationTest,data-r2,type-promotion,type-promotion-12,True,True,True,True,True,ASK,False,True,False
True,False,True,QueryEvaluationTest,data-r2,type-promotion,type-promotion-13,True,True,True,True,True,ASK,False,True,False
True,False,True,QueryEvaluationTest,data-r2,type-promotion,type-promotion-14,True,True,True,True,True,ASK,False,True,False
True,False,True,QueryEvaluationTest,data-r2,type-promotion,type-promotion-15,True,True,True,True,True,ASK,False,True,False
True,False,True,QueryEvaluationTest,data-r2,type-promotion,type-promotion-16,True,True,True,True,True,ASK,False,True,False
True,False,True,QueryEvaluationTest,data-r2,type-promotion,type-promotion-17,True,True,True,True,True,ASK,False,True,False
True,False,True,QueryEvaluationTest,data-r2,type-promotion,type-promotion-18,True,True,True,True,True,ASK,False,True,False
True,False,True,QueryEvaluationTest,data-r2,type-promotion,type-promotion-19,True,True,True,True,True,ASK,False,True,False
True,False,True,QueryEvaluationTest,data-r2,type-promotion,type-promotion-20,True,True,True,True,True,ASK,False,True,False
True,False,True,QueryEvaluationTest,data-r2,type-promotion,type-promotion-21,True,True,True,True,True,ASK,False,True,False
True,False,True,QueryEvaluationTest,data-r2,type-promotion,type-promotion-22,True,True,True,True,True,ASK,False,True,False
True,False,True,QueryEvaluationTest,data-r2,type-promotion,type-promotion-23,True,True,True,True,True,ASK,False,True,False
True,False,True,QueryEvaluationTest,data-r2,type-promotion,type-promotion-24,True,True,True,True,True,ASK,False,True,False
True,False,True,QueryEvaluationTest,data-r2,type-promotion,type-promotion-25,True,True,True,True,True,ASK,False,True,False
True,False,True,QueryEvaluationTest,data-r2,type-promotion,type-promotion-26,True,True,True,True,True,ASK,False,True,False
True,False,True,QueryEvaluationTest,data-r2,type-promotion,type-promotion-27,True,True,True,True,True,ASK,False,True,False
True,False,True,QueryEvaluationTest,data-r2,type-promotion,type-promotion-28,True,True,True,True,True,ASK,False,True,False
True,False,True,QueryEvaluationTest,data-r2,type-promotion,type-promotion-29,True,True,True,True,True,ASK,False,True,False
True,False,True,QueryEvaluationTest,data-r2,type-promotion,type-promotion-30,True,True,True,True,True,ASK,False,True,False
True,False,True,UpdateEvaluationTest,data-sparql11,add,add01,True,True,True,False,False,,False,,
True,False,True,UpdateEvaluationTest,data-sparql11,add,add02,True,True,True,False,False,,False,,
True,False,True,UpdateEvaluationTest,data-sparql11,add,add03,True,True,True,False,False,,False,,
True,False,True,UpdateEvaluationTest,data-sparql11,add,add04,True,True,True,False,False,,False,,
True,False,True,UpdateEvaluationTest,data-sparql11,add,add05,True,True,True,False,False,,False,,
True,False,True,UpdateEvaluationTest,data-sparql11,add,add06,True,True,True,False,False,,False,,
True,False,True,UpdateEvaluationTest,data-sparql11,add,add07,True,True,True,False,False,,False,,
True,False,True,UpdateEvaluationTest,data-sparql11,add,add08,True,True,True,False,False,,False,,
True,False,True,QueryEvaluationTest,data-sparql11,aggregates,agg01,True,True,True,True,True,SELECT,False,True,False
True,False,True,QueryEvaluationTest,data-sparql11,aggregates,agg02,True,True,True,True,True,SELECT,False,True,False
True,False,True,QueryEvaluationTest,data-sparql11,aggregates,agg03,True,True,True,True,True,SELECT,False,True,False
True,False,True,QueryEvaluationTest,data-sparql11,aggregates,agg04,True,True,True,True,True,SELECT,False,True,False
True,False,True,QueryEvaluationTest,data-sparql11,aggregates,agg05,True,True,True,True,True,SELECT,False,True,False
True,False,True,QueryEvaluationTest,data-sparql11,aggregates,agg06,True,True,True,True,True,SELECT,False,True,False
True,False,True,QueryEvaluationTest,data-sparql11,aggregates,agg07,True,True,True,True,True,SELECT,False,True,False
True,True,False,NegativeSyntaxTest11,data-sparql11,aggregates,agg08,True,True,False,False,False,,False,,
True,False,True,QueryEvaluationTest,data-sparql11,aggregates,agg08b,True,True,True,True,True,SELECT,False,True,False
True,True,False,NegativeSyntaxTest11,data-sparql11,aggregates,agg09,True,True,False,False,False,,False,,
True,True,False,NegativeSyntaxTest11,data-sparql11,aggregates,agg10,True,True,False,False,False,,False,,
True,True,False,NegativeSyntaxTest11,data-sparql11,aggregates,agg11,True,True,False,False,False,,False,,
True,True,False,NegativeSyntaxTest11,data-sparql11,aggregates,agg12,True,True,False,False,False,,False,,
True,False,True,QueryEvaluationTest,data-sparql11,aggregates,agg-groupconcat-01,True,True,True,True,True,ASK,False,True,False
True,False,True,QueryEvaluationTest,data-sparql11,aggregates,agg-groupconcat-02,True,True,True,True,True,SELECT,False,True,False
True,False,True,QueryEvaluationTest,data-sparql11,aggregates,agg-groupconcat-03,True,True,True,True,True,ASK,False,True,False
True,False,True,QueryEvaluationTest,data-sparql11,aggregates,agg-avg-01,True,True,True,True,True,SELECT,False,True,False
True,False,True,QueryEvaluationTest,data-sparql11,aggregates,agg-avg-02,True,True,True,True,True,SELECT,False,True,False
True,False,True,QueryEvaluationTest,data-sparql11,aggregates,agg-min-01,True,True,True,True,True,SELECT,False,True,False
True,False,True,QueryEvaluationTest,data-sparql11,aggregates,agg-min-02,True,True,True,True,True,SELECT,False,True,False
True,False,True,QueryEvaluationTest,data-sparql11,aggregates,agg-max-01,True,True,True,True,True,SELECT,False,True,False
True,False,True,QueryEvaluationTest,data-sparql11,aggregates,agg-max-02,True,True,True,True,True,SELECT,False,True,False
True,False,True,QueryEvaluationTest,data-sparql11,aggregates,agg-sum-01,True,True,True,True,True,SELECT,False,True,False
True,False,True,QueryEvaluationTest,data-sparql11,aggregates,agg-sum-02,True,True,True,True,True,SELECT,False,True,False
True,False,True,QueryEvaluationTest,data-sparql11,aggregates,agg-sample-01,True,True,True,True,True,ASK,False,True,False
True,False,True,QueryEvaluationTest,data-sparql11,aggregates,agg-err-01,True,True,False,False,False,,False,,
True,False,True,QueryEvaluationTest,data-sparql11,aggregates,agg-err-02,True,False,True,True,True,SELECT,False,False,
True,False,True,QueryEvaluationTest,data-sparql11,aggregates,agg-empty-group,True,True,True,True,True,SELECT,False,True,False
True,False,True,UpdateEvaluationTest,data-sparql11,basic-update,insert-05a,True,False,True,True,True,MODIFY,False,False,
True,False,True,UpdateEvaluationTest,data-sparql11,basic-update,insert-data-same-bnode,True,False,True,True,True,MODIFY,False,False,
True,False,True,UpdateEvaluationTest,data-sparql11,basic-update,insert-where-same-bnode,True,False,True,True,True,MODIFY,False,False,
True,False,True,UpdateEvaluationTest,data-sparql11,basic-update,insert-where-same-bnode2,True,False,True,True,True,MODIFY,False,False,
True,False,True,QueryEvaluationTest,data-sparql11,bind,bind07,True,True,True,True,True,SELECT,False,True,False
True,False,True,QueryEvaluationTest,data-sparql11,bind,bind10,True,True,True,True,True,SELECT,False,True,False
True,False,True,QueryEvaluationTest,data-sparql11,bindings,values1,True,True,True,True,True,SELECT,False,True,False
True,False,True,QueryEvaluationTest,data-sparql11,bindings,values2,True,True,True,True,True,SELECT,False,True,False
True,False,True,QueryEvaluationTest,data-sparql11,bindings,values3,True,True,True,True,True,SELECT,False,True,False
True,False,True,QueryEvaluationTest,data-sparql11,bindings,values4,True,True,True,True,True,SELECT,False,True,False
True,False,True,QueryEvaluationTest,data-sparql11,bindings,values5,True,True,True,True,True,SELECT,False,True,False
True,False,True,QueryEvaluationTest,data-sparql11,bindings,values6,True,True,True,True,True,SELECT,False,True,False
True,False,True,QueryEvaluationTest,data-sparql11,bindings,values7,True,True,True,True,True,SELECT,False,True,False
True,False,True,QueryEvaluationTest,data-sparql11,bindings,inline1,True,True,True,True,True,SELECT,False,True,False
True,False,True,QueryEvaluationTest,data-sparql11,bindings,inline2,True,True,True,True,True,SELECT,False,True,False
True,False,True,UpdateEvaluationTest,data-sparql11,clear,dawg-clear-default-01,True,True,True,False,False,,False,,
True,False,True,UpdateEvaluationTest,data-sparql11,clear,dawg-clear-graph-01,True,True,True,False,False,,False,,
True,False,True,UpdateEvaluationTest,data-sparql11,clear,dawg-clear-named-01,True,True,True,False,False,,False,,
True,False,True,UpdateEvaluationTest,data-sparql11,clear,dawg-clear-all-01,True,True,True,False,False,,False,,
True,False,True,QueryEvaluationTest,data-sparql11,construct,constructwhere02,True,True,True,True,True,CONSTRUCT,False,True,False
True,False,True,QueryEvaluationTest,data-sparql11,construct,constructwhere04,True,True,True,True,True,CONSTRUCT,False,True,False
True,True,False,NegativeSyntaxTest11,data-sparql11,construct,constructwhere05,True,True,False,False,False,,False,,
True,True,False,NegativeSyntaxTest11,data-sparql11,construct,constructwhere06,True,True,False,False,False,,False,,
True,False,True,UpdateEvaluationTest,data-sparql11,copy,copy01,True,True,True,False,False,,False,,
True,False,True,UpdateEvaluationTest,data-sparql11,copy,copy02,True,True,True,False,False,,False,,
True,False,True,UpdateEvaluationTest,data-sparql11,copy,copy03,True,True,True,False,False,,False,,
True,False,True,UpdateEvaluationTest,data-sparql11,copy,copy04,True,True,True,False,False,,False,,
True,False,True,UpdateEvaluationTest,data-sparql11,copy,copy06,True,True,True,False,False,,False,,
True,False,True,UpdateEvaluationTest,data-sparql11,copy,copy07,True,True,True,False,False,,False,,
True,False,True,CSVResultFormatTest,data-sparql11,csv-tsv-res,csv01,True,False,,,,,False,,
True,False,True,CSVResultFormatTest,data-sparql11,csv-tsv-res,csv02,True,False,,,,,False,,
True,False,True,CSVResultFormatTest,data-sparql11,csv-tsv-res,csv03,True,False,,,,,False,,
True,False,True,QueryEvaluationTest,data-sparql11,csv-tsv-res,tsv01,True,True,True,True,True,SELECT,False,True,False
True,False,True,QueryEvaluationTest,data-sparql11,csv-tsv-res,tsv02,True,True,True,True,True,SELECT,False,True,False
True,False,True,QueryEvaluationTest,data-sparql11,csv-tsv-res,tsv03,True,True,True,True,True,SELECT,False,True,False
True,True,False,NegativeSyntaxTest11,data-sparql11,delete-insert,dawg-delete-insert-03,True,True,False,False,False,,False,,
True,True,False,NegativeSyntaxTest11,data-sparql11,delete-insert,dawg-delete-insert-03b,True,True,False,False,False,,False,,
True,True,False,NegativeSyntaxTest11,data-sparql11,delete-insert,dawg-delete-insert-05,True,True,False,False,False,,False,,
True,True,False,NegativeSyntaxTest11,data-sparql11,delete-insert,dawg-delete-insert-06,True,True,False,False,False,,False,,
True,True,False,NegativeSyntaxTest11,data-sparql11,delete-insert,dawg-delete-insert-07,True,True,False,False,False,,False,,
True,True,False,NegativeSyntaxTest11,data-sparql11,delete-insert,dawg-delete-insert-07b,True,True,False,False,False,,False,,
True,True,False,NegativeSyntaxTest11,data-sparql11,delete-insert,dawg-delete-insert-08,True,True,False,False,False,,False,,
True,True,False,NegativeSyntaxTest11,data-sparql11,delete-insert,dawg-delete-insert-09,True,True,False,False,False,,False,,
True,False,True,UpdateEvaluationTest,data-sparql11,drop,dawg-drop-default-01,True,True,True,False,False,,False,,
True,False,True,UpdateEvaluationTest,data-sparql11,drop,dawg-drop-graph-01,True,True,True,False,False,,False,,
True,False,True,UpdateEvaluationTest,data-sparql11,drop,dawg-drop-named-01,True,True,True,False,False,,False,,
True,False,True,UpdateEvaluationTest,data-sparql11,drop,dawg-drop-all-01,True,True,True,False,False,,False,,
True,False,True,QueryEvaluationTest,data-sparql11,entailment,rdf01,True,True,True,True,True,SELECT,False,True,False
True,False,True,QueryEvaluationTest,data-sparql11,entailment,rdfs01,True,True,True,True,True,SELECT,False,True,False
True,False,True,QueryEvaluationTest,data-sparql11,entailment,rdfs02,True,True,True,True,True,SELECT,False,True,False
True,False,True,QueryEvaluationTest,data-sparql11,entailment,rdfs03,True,True,True,True,True,SELECT,False,True,False
True,False,True,QueryEvaluationTest,data-sparql11,entailment,rdfs04,True,True,True,True,True,SELECT,False,True,False
True,False,True,QueryEvaluationTest,data-sparql11,entailment,rdfs05,True,True,True,True,True,SELECT,False,True,False
True,False,True,QueryEvaluationTest,data-sparql11,entailment,rdfs06,True,True,True,True,True,SELECT,False,True,False
True,False,True,QueryEvaluationTest,data-sparql11,entailment,rdfs07,True,True,True,True,True,SELECT,False,True,False
True,False,True,QueryEvaluationTest,data-sparql11,entailment,rdfs09,True,True,True,True,True,SELECT,False,True,False
True,False,True,QueryEvaluationTest,data-sparql11,entailment,rdfs10,True,True,True,True,True,SELECT,False,True,False
True,False,True,QueryEvaluationTest,data-sparql11,entailment,rdfs11,True,True,True,True,True,SELECT,False,True,False
True,False,True,QueryEvaluationTest,data-sparql11,entailment,rdfs13,True,True,True,True,True,SELECT,False,True,False
True,False,True,QueryEvaluationTest,data-sparql11,entailment,d-ent-01,True,True,True,True,True,SELECT,False,True,False
True,False,True,QueryEvaluationTest,data-sparql11,entailment,owlds01,True,True,True,True,True,SELECT,False,True,False
True,False,True,QueryEvaluationTest,data-sparql11,entailment,owlds02,True,True,True,True,True,SELECT,False,True,False
True,False,True,QueryEvaluationTest,data-sparql11,entailment,paper-sparqldl-Q1,True,True,True,True,True,SELECT,False,True,False
True,False,True,QueryEvaluationTest,data-sparql11,entailment,paper-sparqldl-Q1-rdfs,True,True,True,True,True,SELECT,False,True,False
True,False,True,QueryEvaluationTest,data-sparql11,entailment,paper-sparqldl-Q2,True,True,True,True,True,SELECT,False,True,False
True,False,True,QueryEvaluationTest,data-sparql11,entailment,paper-sparqldl-Q3,True,True,True,True,True,SELECT,False,True,False
True,False,True,QueryEvaluationTest,data-sparql11,entailment,paper-sparqldl-Q4,True,True,True,True,True,SELECT,False,True,False
True,False,True,QueryEvaluationTest,data-sparql11,entailment,bind07,True,True,True,True,True,SELECT,False,True,False
True,False,True,QueryEvaluationTest,data-sparql11,entailment,sparqldl-02,True,True,True,True,True,SELECT,False,True,False
True,False,True,QueryEvaluationTest,data-sparql11,entailment,sparqldl-03,True,True,True,True,True,SELECT,False,True,False
True,False,True,QueryEvaluationTest,data-sparql11,entailment,sparqldl-05,True,True,True,True,True,ASK,False,True,False
True,False,True,QueryEvaluationTest,data-sparql11,entailment,sparqldl-06,True,True,True,True,True,ASK,False,True,False
True,False,True,QueryEvaluationTest,data-sparql11,entailment,sparqldl-10,True,True,True,True,True,SELECT,False,True,False
True,False,True,QueryEvaluationTest,data-sparql11,entailment,sparqldl-11,True,True,True,True,True,SELECT,False,True,False
True,False,True,QueryEvaluationTest,data-sparql11,entailment,sparqldl-12,True,True,True,True,True,SELECT,False,True,False
True,False,True,QueryEvaluationTest,data-sparql11,entailment,sparqldl-13,True,True,True,True,True,SELECT,False,True,False
True,False,True,QueryEvaluationTest,data-sparql11,entailment,parent3,True,True,True,True,True,SELECT,False,True,False
True,False,True,QueryEvaluationTest,data-sparql11,entailment,parent4,True,True,True,True,True,SELECT,False,True,False
True,False,True,QueryEvaluationTest,data-sparql11,entailment,parent5,True,True,True,True,True,SELECT,False,True,False
True,False,True,QueryEvaluationTest,data-sparql11,entailment,parent6,True,True,True,True,True,SELECT,False,True,False
True,False,True,QueryEvaluationTest,data-sparql11,entailment,parent7,True,True,True,True,True,SELECT,False,True,False
True,False,True,QueryEvaluationTest,data-sparql11,entailment,parent8,True,True,True,True,True,SELECT,False,True,False
True,False,True,QueryEvaluationTest,data-sparql11,entailment,parent9,True,True,True,True,True,SELECT,False,True,False
True,False,True,QueryEvaluationTest,data-sparql11,entailment,parent10,True,True,True,True,True,SELECT,False,True,False
True,False,True,QueryEvaluationTest,data-sparql11,entailment,simple1,True,True,True,True,True,SELECT,False,True,False
True,False,True,QueryEvaluationTest,data-sparql11,entailment,simple2,True,True,True,True,True,SELECT,False,True,False
True,False,True,QueryEvaluationTest,data-sparql11,entailment,simple3,True,True,True,True,True,SELECT,False,True,False
True,False,True,QueryEvaluationTest,data-sparql11,entailment,simple4,True,True,True,True,True,SELECT,False,True,False
True,False,True,QueryEvaluationTest,data-sparql11,entailment,simple5,True,True,True,True,True,SELECT,False,True,False
True,False,True,QueryEvaluationTest,data-sparql11,entailment,simple6,True,True,True,True,True,SELECT,False,True,False
True,False,True,QueryEvaluationTest,data-sparql11,entailment,simple7,True,True,True,True,True,SELECT,False,True,False
True,False,True,QueryEvaluationTest,data-sparql11,entailment,simple8,True,True,True,True,True,SELECT,False,True,False
True,False,True,QueryEvaluationTest,data-sparql11,exists,exists03,True,True,True,True,True,SELECT,False,True,False
True,False,True,QueryEvaluationTest,data-sparql11,exists,exists05,True,True,True,True,True,SELECT,False,True,False
True,False,True,QueryEvaluationTest,data-sparql11,functions,strdt01,True,False,True,True,True,SELECT,False,False,
True,False,True,QueryEvaluationTest,data-sparql11,functions,strdt02,True,False,True,True,True,SELECT,False,False,
True,False,True,QueryEvaluationTest,data-sparql11,functions,strdt03,True,True,True,True,True,SELECT,False,True,False
True,False,True,QueryEvaluationTest,data-sparql11,functions,strlang01,True,False,True,True,True,SELECT,False,False,
True,False,True,QueryEvaluationTest,data-sparql11,functions,strlang02,True,False,True,True,True,SELECT,False,False,
True,False,True,QueryEvaluationTest,data-sparql11,functions,strlang03,True,True,True,True,True,SELECT,False,True,False
True,False,True,QueryEvaluationTest,data-sparql11,functions,concat02,True,True,True,True,True,SELECT,False,True,False
True,False,True,QueryEvaluationTest,data-sparql11,functions,substring01,True,True,True,True,True,SELECT,False,True,False
True,False,True,QueryEvaluationTest,data-sparql11,functions,substring02,True,True,True,True,True,SELECT,False,True,False
True,False,True,QueryEvaluationTest,data-sparql11,functions,plus-1,True,True,True,True,True,SELECT,False,True,False
True,False,True,QueryEvaluationTest,data-sparql11,functions,plus-2,True,True,True,True,True,SELECT,False,True,False
True,False,True,QueryEvaluationTest,data-sparql11,functions,md5-01,True,False,True,True,True,SELECT,False,False,
True,False,True,QueryEvaluationTest,data-sparql11,functions,md5-02,True,False,True,True,True,SELECT,False,False,
True,False,True,QueryEvaluationTest,data-sparql11,functions,sha1-01,True,False,True,True,True,SELECT,False,False,
True,False,True,QueryEvaluationTest,data-sparql11,functions,sha1-02,True,False,True,True,True,SELECT,False,False,
True,False,True,QueryEvaluationTest,data-sparql11,functions,sha256-01,True,False,True,True,True,SELECT,False,False,
True,False,True,QueryEvaluationTest,data-sparql11,functions,sha256-02,True,False,True,True,True,SELECT,False,False,
True,False,True,QueryEvaluationTest,data-sparql11,functions,sha512-01,True,False,True,True,True,SELECT,False,False,
True,False,True,QueryEvaluationTest,data-sparql11,functions,sha512-02,True,False,True,True,True,SELECT,False,False,
True,False,True,QueryEvaluationTest,data-sparql11,functions,seconds,True,True,True,True,True,SELECT,False,True,False
True,False,True,QueryEvaluationTest,data-sparql11,functions,timezone,True,True,True,True,True,SELECT,False,True,False
True,False,True,QueryEvaluationTest,data-sparql11,functions,bnode01,True,True,True,True,True,SELECT,False,True,False
True,False,True,QueryEvaluationTest,data-sparql11,functions,in01,True,True,True,True,True,ASK,False,True,False
True,False,True,QueryEvaluationTest,data-sparql11,functions,in02,True,True,True,True,True,ASK,False,True,False
True,False,True,QueryEvaluationTest,data-sparql11,functions,notin01,True,True,True,True,True,ASK,False,True,False
True,False,True,QueryEvaluationTest,data-sparql11,functions,notin02,True,True,True,True,True,ASK,False,True,False
True,False,True,QueryEvaluationTest,data-sparql11,functions,now01,True,True,True,True,True,ASK,False,True,False
True,False,True,QueryEvaluationTest,data-sparql11,functions,rand01,True,True,True,True,True,ASK,False,True,False
True,False,True,QueryEvaluationTest,data-sparql11,functions,bnode02,True,True,True,True,True,SELECT,False,True,False
True,False,True,QueryEvaluationTest,data-sparql11,functions,iri01,True,True,True,True,True,SELECT,False,True,False
True,False,True,QueryEvaluationTest,data-sparql11,functions,if01,True,True,True,True,True,SELECT,False,True,False
True,False,True,QueryEvaluationTest,data-sparql11,functions,if02,True,True,True,True,True,SELECT,False,True,False
True,False,True,QueryEvaluationTest,data-sparql11,functions,coalesce01,True,True,True,True,True,SELECT,False,True,False
True,False,True,QueryEvaluationTest,data-sparql11,functions,strbefore01,True,True,True,True,True,SELECT,False,True,False
True,False,True,QueryEvaluationTest,data-sparql11,functions,strbefore01a,True,True,True,True,True,SELECT,False,True,False
True,False,True,QueryEvaluationTest,data-sparql11,functions,strbefore02,True,True,True,True,True,SELECT,False,True,False
True,False,True,QueryEvaluationTest,data-sparql11,functions,strafter01,True,True,True,True,True,SELECT,False,True,False
True,False,True,QueryEvaluationTest,data-sparql11,functions,strafter01a,True,True,True,True,True,SELECT,False,True,False
True,False,True,QueryEvaluationTest,data-sparql11,functions,strafter02,True,True,True,True,True,SELECT,False,True,False
True,False,True,QueryEvaluationTest,data-sparql11,functions,replace01,True,False,True,True,True,SELECT,False,False,
True,False,True,QueryEvaluationTest,data-sparql11,functions,replace02,True,False,True,True,True,SELECT,False,False,
True,False,True,QueryEvaluationTest,data-sparql11,functions,replace03,True,False,True,True,True,SELECT,False,False,
True,False,True,QueryEvaluationTest,data-sparql11,functions,uuid01,True,True,True,True,True,SELECT,False,True,False
True,False,True,QueryEvaluationTest,data-sparql11,functions,struuid01,True,True,True,True,True,SELECT,False,True,False
True,False,True,QueryEvaluationTest,data-sparql11,grouping,group03,True,True,True,True,True,SELECT,False,True,False
True,False,True,QueryEvaluationTest,data-sparql11,grouping,group04,True,True,True,True,True,SELECT,False,True,False
True,False,True,QueryEvaluationTest,data-sparql11,grouping,group05,True,True,True,True,True,SELECT,False,True,False
True,True,False,NegativeSyntaxTest11,data-sparql11,grouping,group06,True,True,False,False,False,,False,,
True,True,False,NegativeSyntaxTest11,data-sparql11,grouping,group07,True,True,False,False,False,,False,,
True,False,True,QueryEvaluationTest,data-sparql11,json-res,jsonres01,True,True,True,True,True,SELECT,False,True,False
True,False,True,QueryEvaluationTest,data-sparql11,json-res,jsonres02,True,True,True,True,True,SELECT,False,True,False
True,False,True,QueryEvaluationTest,data-sparql11,json-res,jsonres03,True,True,True,True,True,ASK,False,True,False
True,False,True,QueryEvaluationTest,data-sparql11,json-res,jsonres04,True,True,True,True,True,ASK,False,True,False
True,False,True,UpdateEvaluationTest,data-sparql11,move,move01,True,True,True,False,False,,False,,
True,False,True,UpdateEvaluationTest,data-sparql11,move,move02,True,True,True,False,False,,False,,
True,False,True,UpdateEvaluationTest,data-sparql11,move,move03,True,True,True,False,False,,False,,
True,False,True,UpdateEvaluationTest,data-sparql11,move,move04,True,True,True,False,False,,False,,
True,False,True,UpdateEvaluationTest,data-sparql11,move,move06,True,True,True,False,False,,False,,
True,False,True,UpdateEvaluationTest,data-sparql11,move,move07,True,True,True,False,False,,False,,
True,False,True,QueryEvaluationTest,data-sparql11,negation,temporal-proximity-by-exclusion-minus-1,True,True,False,False,False,,False,,
True,False,True,QueryEvaluationTest,data-sparql11,negation,subset-01,True,True,True,True,True,SELECT,False,True,False
True,False,True,QueryEvaluationTest,data-sparql11,negation,subset-02,True,True,True,True,True,SELECT,False,True,False
True,False,True,QueryEvaluationTest,data-sparql11,negation,set-equals-1,True,True,True,True,True,SELECT,False,True,False
True,False,True,QueryEvaluationTest,data-sparql11,negation,subset-03,True,True,True,True,True,SELECT,False,True,False
True,False,True,QueryEvaluationTest,data-sparql11,negation,exists-02,True,True,True,True,True,SELECT,False,True,False
True,False,True,QueryEvaluationTest,data-sparql11,negation,full-minuend,True,True,True,True,True,SELECT,False,True,False
True,False,True,QueryEvaluationTest,data-sparql11,negation,partial-minuend,True,True,True,True,True,SELECT,False,True,False
True,False,True,QueryEvaluationTest,data-sparql11,project-expression,projexp03,True,True,True,True,True,SELECT,False,True,False
True,False,True,QueryEvaluationTest,data-sparql11,project-expression,projexp07,True,True,True,True,True,SELECT,False,True,False
True,False,True,QueryEvaluationTest,data-sparql11,property-path,pp01,True,True,True,True,True,SELECT,False,True,False
True,False,True,QueryEvaluationTest,data-sparql11,property-path,pp02,True,True,True,False,False,,False,,
True,False,True,QueryEvaluationTest,data-sparql11,property-path,pp03,True,True,True,True,True,SELECT,False,True,False
True,False,True,QueryEvaluationTest,data-sparql11,property-path,pp04,True,True,False,False,False,,False,,
True,False,True,QueryEvaluationTest,data-sparql11,property-path,pp05,True,True,False,False,False,,False,,
True,False,True,QueryEvaluationTest,data-sparql11,property-path,pp06,True,True,True,True,True,SELECT,False,True,False
True,False,True,QueryEvaluationTest,data-sparql11,property-path,pp07,True,True,True,True,True,SELECT,False,True,False
True,False,True,QueryEvaluationTest,data-sparql11,property-path,pp08,True,True,True,True,True,ASK,False,True,False
True,False,True,QueryEvaluationTest,data-sparql11,property-path,pp10,True,True,True,False,False,,False,,
True,False,True,QueryEvaluationTest,data-sparql11,property-path,pp12,True,True,True,False,False,,False,,
True,False,True,QueryEvaluationTest,data-sparql11,property-path,pp13,True,True,False,False,False,,False,,
True,False,True,QueryEvaluationTest,data-sparql11,property-path,pp14,True,True,True,False,False,,False,,
True,False,True,QueryEvaluationTest,data-sparql11,property-path,pp15,True,True,False,False,False,,False,,
True,False,True,QueryEvaluationTest,data-sparql11,property-path,pp16,True,True,True,False,False,,False,,
True,False,True,QueryEvaluationTest,data-sparql11,property-path,pp20,True,True,False,False,False,,False,,
True,False,True,QueryEvaluationTest,data-sparql11,property-path,pp21,True,True,True,False,False,,False,,
True,False,True,QueryEvaluationTest,data-sparql11,property-path,pp22,True,True,False,False,False,,False,,
True,False,True,QueryEvaluationTest,data-sparql11,property-path,pp23,True,True,True,False,False,,False,,
True,False,True,QueryEvaluationTest,data-sparql11,property-path,pp24,True,True,False,False,False,,False,,
True,False,True,QueryEvaluationTest,data-sparql11,property-path,pp25,True,True,True,False,False,,False,,
True,False,True,QueryEvaluationTest,data-sparql11,property-path,pp26,True,True,False,False,False,,False,,
True,False,True,QueryEvaluationTest,data-sparql11,property-path,pp27,True,True,False,False,False,,False,,
True,False,True,QueryEvaluationTest,data-sparql11,property-path,pp28a,True,True,True,False,False,,False,,
True,False,True,QueryEvaluationTest,data-sparql11,property-path,pp29,True,True,False,False,False,,False,,
True,False,True,QueryEvaluationTest,data-sparql11,property-path,pp30,True,True,True,False,False,,False,,
True,False,True,QueryEvaluationTest,data-sparql11,property-path,pp31,True,True,True,False,False,,False,,
True,False,True,QueryEvaluationTest,data-sparql11,property-path,pp32,True,True,True,False,False,,False,,
True,False,True,QueryEvaluationTest,data-sparql11,property-path,pp33,True,True,True,False,False,,False,,
True,False,True,QueryEvaluationTest,data-sparql11,property-path,pp34,True,True,True,False,False,,False,,
True,False,True,QueryEvaluationTest,data-sparql11,property-path,pp35,True,True,True,False,False,,False,,
True,False,True,QueryEvaluationTest,data-sparql11,property-path,pp36,True,True,True,False,False,,False,,
True,False,True,QueryEvaluationTest,data-sparql11,property-path,pp37,True,True,True,False,False,,False,,
False,False,False,ProtocolTest,data-sparql11,protocol,query_post_form,True,False,,,,,False,,
False,False,False,ProtocolTest,data-sparql11,protocol,query_dataset_default_graphs_get,True,False,,,,,False,,
False,False,False,ProtocolTest,data-sparql11,protocol,query_dataset_default_graphs_post,True,False,,,,,False,,
False,False,False,ProtocolTest,data-sparql11,protocol,query_dataset_named_graphs_post,True,False,,,,,False,,
False,False,False,ProtocolTest,data-sparql11,protocol,query_dataset_named_graphs_get,True,False,,,,,False,,
False,False,False,ProtocolTest,data-sparql11,protocol,query_dataset_full,True,False,,,,,False,,
False,False,False,ProtocolTest,data-sparql11,protocol,query_multiple_dataset,True,False,,,,,False,,
False,False,False,ProtocolTest,data-sparql11,protocol,query_get,True,False,,,,,False,,
False,False,False,ProtocolTest,data-sparql11,protocol,query_content_type_select,True,False,,,,,False,,
False,False,False,ProtocolTest,data-sparql11,protocol,query_content_type_ask,True,False,,,,,False,,
False,False,False,ProtocolTest,data-sparql11,protocol,query_content_type_describe,True,False,,,,,False,,
False,False,False,ProtocolTest,data-sparql11,protocol,query_content_type_construct,True,False,,,,,False,,
False,False,False,ProtocolTest,data-sparql11,protocol,update_dataset_default_graph,True,False,,,,,False,,
False,False,False,ProtocolTest,data-sparql11,protocol,update_dataset_default_graphs,True,False,,,,,False,,
False,False,False,ProtocolTest,data-sparql11,protocol,update_dataset_named_graphs,True,False,,,,,False,,
False,False,False,ProtocolTest,data-sparql11,protocol,update_dataset_full,True,False,,,,,False,,
False,False,False,ProtocolTest,data-sparql11,protocol,update_post_form,True,False,,,,,False,,
False,False,False,ProtocolTest,data-sparql11,protocol,update_post_direct,True,False,,,,,False,,
False,False,False,ProtocolTest,data-sparql11,protocol,update_base_uri,True,False,,,,,False,,
False,False,False,ProtocolTest,data-sparql11,protocol,query_post_direct,True,False,,,,,False,,
False,False,False,ProtocolTest,data-sparql11,protocol,bad_query_method,True,False,,,,,False,,
False,False,False,ProtocolTest,data-sparql11,protocol,bad_multiple_queries,True,False,,,,,False,,
False,False,False,ProtocolTest,data-sparql11,protocol,bad_query_wrong_media_type,True,False,,,,,False,,
False,False,False,ProtocolTest,data-sparql11,protocol,bad_query_missing_form_type,True,False,,,,,False,,
False,False,False,ProtocolTest,data-sparql11,protocol,bad_query_missing_direct_type,True,False,,,,,False,,
False,False,False,ProtocolTest,data-sparql11,protocol,bad_query_non_utf8,True,False,,,,,False,,
False,False,False,ProtocolTest,data-sparql11,protocol,bad_query_syntax,True,False,,,,,False,,
False,False,False,ProtocolTest,data-sparql11,protocol,bad_update_get,True,False,,,,,False,,
False,False,False,ProtocolTest,data-sparql11,protocol,bad_multiple_updates,True,False,,,,,False,,
False,False,False,ProtocolTest,data-sparql11,protocol,bad_update_wrong_media_type,True,False,,,,,False,,
False,False,False,ProtocolTest,data-sparql11,protocol,bad_update_missing_form_type,True,False,,,,,False,,
False,False,False,ProtocolTest,data-sparql11,protocol,bad_update_non_utf8,True,False,,,,,False,,
False,False,False,ProtocolTest,data-sparql11,protocol,bad_update_syntax,True,False,,,,,False,,
False,False,False,ProtocolTest,data-sparql11,protocol,bad_update_dataset_conflict,True,False,,,,,False,,
False,False,False,ServiceDescriptionTest,data-sparql11,service-description,returns-rdf,True,False,,,,,False,,
False,False,False,ServiceDescriptionTest,data-sparql11,service-description,has-endpoint-triple,True,False,,,,,False,,
False,False,False,ServiceDescriptionTest,data-sparql11,service-description,conforms-to-schema,True,False,,,,,False,,
True,False,True,QueryEvaluationTest,data-sparql11,service,service2,True,True,True,True,False,SELECT,False,,
True,False,True,QueryEvaluationTest,data-sparql11,service,service3,True,True,True,True,False,SELECT,False,,
True,False,True,QueryEvaluationTest,data-sparql11,service,service6,True,True,True,True,False,SELECT,False,,
True,False,True,QueryEvaluationTest,data-sparql11,subquery,subquery01,True,True,True,True,True,SELECT,False,True,False
True,False,True,QueryEvaluationTest,data-sparql11,subquery,subquery02,True,True,True,True,True,SELECT,False,True,False
True,False,True,QueryEvaluationTest,data-sparql11,subquery,subquery03,True,True,True,True,True,SELECT,False,True,False
True,False,True,QueryEvaluationTest,data-sparql11,subquery,subquery05,True,True,True,True,True,SELECT,False,True,False
True,False,True,QueryEvaluationTest,data-sparql11,subquery,subquery07,True,True,True,True,True,SELECT,False,True,False
True,False,True,QueryEvaluationTest,data-sparql11,subquery,subquery11,True,True,True,True,True,SELECT,False,True,False
True,False,True,QueryEvaluationTest,data-sparql11,subquery,subquery13,True,True,True,True,True,SELECT,False,True,False
True,False,True,QueryEvaluationTest,data-sparql11,subquery,subquery14,True,True,True,True,True,CONSTRUCT,False,True,False
True,False,False,PositiveSyntaxTest11,data-sparql11,syntax-fed,test_1,True,True,True,True,False,SELECT,False,,
True,True,False,NegativeSyntaxTest11,data-sparql11,syntax-query,test_43,True,True,False,False,False,,False,,
True,True,False,NegativeSyntaxTest11,data-sparql11,syntax-query,test_44,True,True,False,False,False,,False,,
True,True,False,NegativeSyntaxTest11,data-sparql11,syntax-query,test_45,True,True,False,False,False,,False,,
True,True,False,NegativeSyntaxTest11,data-sparql11,syntax-query,test_46,True,True,False,False,False,,False,,
True,True,False,NegativeSyntaxTest11,data-sparql11,syntax-query,test_47,True,True,False,False,False,,False,,
True,True,False,NegativeSyntaxTest11,data-sparql11,syntax-query,test_48,True,True,False,False,False,,False,,
True,True,False,NegativeSyntaxTest11,data-sparql11,syntax-query,test_49,True,True,False,False,False,,False,,
True,True,False,NegativeSyntaxTest11,data-sparql11,syntax-query,test_50,True,True,False,False,False,,False,,
True,True,False,NegativeSyntaxTest11,data-sparql11,syntax-query,test_51,True,True,False,False,False,,False,,
True,False,False,PositiveSyntaxTest11,data-sparql11,syntax-query,test_52,True,True,False,False,False,,False,,
True,True,False,NegativeSyntaxTest11,data-sparql11,syntax-query,test_60,True,True,False,False,False,,False,,
True,True,False,NegativeSyntaxTest11,data-sparql11,syntax-query,test_61a,True,True,False,False,False,,False,,
True,True,False,NegativeSyntaxTest11,data-sparql11,syntax-query,test_62a,True,True,False,False,False,,False,,
True,False,False,PositiveSyntaxTest11,data-sparql11,syntax-query,test_63,True,True,True,False,False,,False,,
True,False,False,PositiveSyntaxTest11,data-sparql11,syntax-query,test_pn_06,True,True,False,False,False,,False,,
True,False,False,PositiveSyntaxTest11,data-sparql11,syntax-query,test_pn_07,True,True,False,False,False,,False,,
True,True,False,NegativeSyntaxTest11,data-sparql11,syntax-query,test_pn_bad_01,True,True,False,False,False,,False,,
True,True,False,NegativeSyntaxTest11,data-sparql11,syntax-query,test_pn_bad_02,True,True,False,False,False,,False,,
True,True,False,NegativeSyntaxTest11,data-sparql11,syntax-query,test_pn_bad_03,True,True,False,False,False,,False,,
True,True,False,NegativeSyntaxTest11,data-sparql11,syntax-query,test_pn_bad_04,True,True,False,False,False,,False,,
True,True,False,NegativeSyntaxTest11,data-sparql11,syntax-query,test_pn_bad_05,True,True,False,False,False,,False,,
True,True,False,NegativeSyntaxTest11,data-sparql11,syntax-query,test_pn_bad_06,True,True,False,False,False,,False,,
True,True,False,NegativeSyntaxTest11,data-sparql11,syntax-query,test_pn_bad_07,True,True,False,False,False,,False,,
True,True,False,NegativeSyntaxTest11,data-sparql11,syntax-query,test_pn_bad_08,True,True,False,False,False,,False,,
True,True,False,NegativeSyntaxTest11,data-sparql11,syntax-query,test_pn_bad_09,True,True,False,False,False,,False,,
True,True,False,NegativeSyntaxTest11,data-sparql11,syntax-query,test_pn_bad_10,True,True,False,False,False,,False,,
True,True,False,NegativeSyntaxTest11,data-sparql11,syntax-query,test_pn_bad_11,True,True,False,False,False,,False,,
True,True,False,NegativeSyntaxTest11,data-sparql11,syntax-query,test_pn_bad_12,True,True,False,False,False,,False,,
True,True,False,NegativeSyntaxTest11,data-sparql11,syntax-query,test_pn_bad_13,True,True,False,False,False,,False,,
True,False,False,PositiveSyntaxTest11,data-sparql11,syntax-query,test_pp_coll,True,True,True,False,False,,False,,
True,False,False,PositiveUpdateSyntaxTest11,data-sparql11,syntax-update-1,test_1,True,True,True,False,False,,False,,
True,False,False,PositiveUpdateSyntaxTest11,data-sparql11,syntax-update-1,test_2,True,True,True,False,False,,False,,
True,False,False,PositiveUpdateSyntaxTest11,data-sparql11,syntax-update-1,test_3,True,True,True,False,False,,False,,
True,False,False,PositiveUpdateSyntaxTest11,data-sparql11,syntax-update-1,test_4,True,True,True,False,False,,False,,
True,False,False,PositiveUpdateSyntaxTest11,data-sparql11,syntax-update-1,test_5,True,True,True,False,False,,False,,
True,False,False,PositiveUpdateSyntaxTest11,data-sparql11,syntax-update-1,test_6,True,True,True,False,False,,False,,
True,False,False,PositiveUpdateSyntaxTest11,data-sparql11,syntax-update-1,test_7,True,True,True,False,False,,False,,
True,False,False,PositiveUpdateSyntaxTest11,data-sparql11,syntax-update-1,test_8,True,True,True,False,False,,False,,
True,False,False,PositiveUpdateSyntaxTest11,data-sparql11,syntax-update-1,test_9,True,True,True,False,False,,False,,
True,False,False,PositiveUpdateSyntaxTest11,data-sparql11,syntax-update-1,test_10,True,True,True,False,False,,False,,
True,False,False,PositiveUpdateSyntaxTest11,data-sparql11,syntax-update-1,test_11,True,True,True,False,False,,False,,
True,False,False,PositiveUpdateSyntaxTest11,data-sparql11,syntax-update-1,test_12,True,True,True,False,False,,False,,
True,False,False,PositiveUpdateSyntaxTest11,data-sparql11,syntax-update-1,test_13,True,True,True,False,False,,False,,
True,False,False,PositiveUpdateSyntaxTest11,data-sparql11,syntax-update-1,test_14,True,True,True,False,False,,False,,
True,False,False,PositiveUpdateSyntaxTest11,data-sparql11,syntax-update-1,test_15,True,True,True,False,False,,False,,
True,False,False,PositiveUpdateSyntaxTest11,data-sparql11,syntax-update-1,test_16,True,True,True,False,False,,False,,
True,False,False,PositiveUpdateSyntaxTest11,data-sparql11,syntax-update-1,test_17,True,True,True,False,False,,False,,
True,False,False,PositiveUpdateSyntaxTest11,data-sparql11,syntax-update-1,test_18,True,True,True,False,False,,False,,
True,False,False,PositiveUpdateSyntaxTest11,data-sparql11,syntax-update-1,test_19,True,True,True,False,False,,False,,
True,False,False,PositiveUpdateSyntaxTest11,data-sparql11,syntax-update-1,test_20,True,True,True,False,False,,False,,
True,False,False,PositiveUpdateSyntaxTest11,data-sparql11,syntax-update-1,test_21,True,True,True,False,False,,False,,
True,False,False,PositiveUpdateSyntaxTest11,data-sparql11,syntax-update-1,test_22,True,True,True,False,False,,False,,
True,False,False,PositiveUpdateSyntaxTest11,data-sparql11,syntax-update-1,test_37,True,True,True,False,False,,False,,
True,False,False,PositiveUpdateSyntaxTest11,data-sparql11,syntax-update-1,test_38,True,True,True,False,False,,False,,
True,False,False,PositiveUpdateSyntaxTest11,data-sparql11,syntax-update-1,test_39,True,True,True,False,False,,False,,
True,False,False,PositiveUpdateSyntaxTest11,data-sparql11,syntax-update-1,test_40,True,True,True,False,False,,False,,
True,True,False,NegativeUpdateSyntaxTest11,data-sparql11,syntax-update-1,test_41,True,True,False,False,False,,False,,
True,True,False,NegativeUpdateSyntaxTest11,data-sparql11,syntax-update-1,test_42,True,True,False,False,False,,False,,
True,True,False,NegativeUpdateSyntaxTest11,data-sparql11,syntax-update-1,test_43,True,True,False,False,False,,False,,
True,True,False,NegativeUpdateSyntaxTest11,data-sparql11,syntax-update-1,test_44,True,True,False,False,False,,False,,
True,True,False,NegativeUpdateSyntaxTest11,data-sparql11,syntax-update-1,test_45,True,True,False,False,False,,False,,
True,True,False,NegativeUpdateSyntaxTest11,data-sparql11,syntax-update-1,test_46,True,True,False,False,False,,False,,
True,True,False,NegativeUpdateSyntaxTest11,data-sparql11,syntax-update-1,test_47,True,True,False,False,False,,False,,
True,True,False,NegativeUpdateSyntaxTest11,data-sparql11,syntax-update-1,test_48,True,True,False,False,False,,False,,
True,True,False,NegativeUpdateSyntaxTest11,data-sparql11,syntax-update-1,test_49,True,True,False,False,False,,False,,
True,True,False,NegativeUpdateSyntaxTest11,data-sparql11,syntax-update-1,test_50,True,True,False,False,False,,False,,
True,True,False,NegativeUpdateSyntaxTest11,data-sparql11,syntax-update-1,test_51,True,True,False,False,False,,False,,
True,True,False,NegativeUpdateSyntaxTest11,data-sparql11,syntax-update-1,test_52,True,True,False,False,False,,False,,
True,False,True,UpdateEvaluationTest,data-sparql11,update-silent,load-silent,True,True,True,False,False,,False,,
True,False,True,UpdateEvaluationTest,data-sparql11,update-silent,load-into-silent,True,True,True,False,False,,False,,
True,False,True,UpdateEvaluationTest,data-sparql11,update-silent,clear-silent,True,True,True,False,False,,False,,
True,False,True,UpdateEvaluationTest,data-sparql11,update-silent,clear-default-silent,True,True,True,False,False,,False,,
True,False,True,UpdateEvaluationTest,data-sparql11,update-silent,create-silent,True,True,True,False,False,,False,,
True,False,True,UpdateEvaluationTest,data-sparql11,update-silent,drop-silent,True,True,True,False,False,,False,,
True,False,True,UpdateEvaluationTest,data-sparql11,update-silent,drop-default-silent,True,True,True,False,False,,False,,
True,False,True,UpdateEvaluationTest,data-sparql11,update-silent,copy-silent,True,True,True,False,False,,False,,
True,False,True,UpdateEvaluationTest,data-sparql11,update-silent,copy-to-default-silent,True,True,True,False,False,,False,,
True,False,True,UpdateEvaluationTest,data-sparql11,update-silent,move-silent,True,True,True,False,False,,False,,
True,False,True,UpdateEvaluationTest,data-sparql11,update-silent,move-to-default-silent,True,True,True,False,False,,False,,
True,False,True,UpdateEvaluationTest,data-sparql11,update-silent,add-silent,True,True,True,False,False,,False,,
True,False,True,UpdateEvaluationTest,data-sparql11,update-silent,add-to-default-silent,True,True,True,False,False,,False,,
